<?xml version="1.0" encoding="UTF-8"?>
<TemplateApplicationInput xmlns="http://schemas.altair.com/pbs/2007/02/app-def" xmlns:xi="http://www.w3.org/2001/XInclude" xmlns:xsi="http://www.w3.org/2001/XMLSchema-instance" xmlns:schemaLocation="http://schemas.altair.com/pbs/2007/02/app-def ../../schemas/app-def.xsd">
<!--
(c) Copyright 2010 Altair Engineering, Inc.  All rights reserved.

This code is provided as is without any warranty, express or implied,
or indemnification of any kind.
All other terms and conditions are as specified in the Altair PBS EULA.
-->
<!-- Manually edited -->
  <ApplicationId>Optistruct</ApplicationId>
  <ApplicationName>Optistruct</ApplicationName>
  <ApplicationExtension>.fem</ApplicationExtension>
  <ApplicationIconSmall>productHyperWorks-16.png</ApplicationIconSmall>
  <ApplicationIconMedium>productHyperWorks-96.png</ApplicationIconMedium>
  <ArgumentChoice>
    <ArgumentStringEnumerated>
      <Name>VERSION</Name>
      <Description>Version of application to use</Description>
      <DisplayName>Version</DisplayName>
      <InputRequired>true</InputRequired>
      <xi:include href="site-config.xml" xpointer="xpath1(//Application[@id='Optistruct']/ApplicationVersions//Option)"/>
    </ArgumentStringEnumerated>
  </ArgumentChoice>

  <ArgumentChoice>
    <ArgumentString>
      <Name>JOB_NAME</Name>
      <Description>Name of the job</Description>
      <DisplayName>Job Name</DisplayName>
      <InputRequired>false</InputRequired>
    </ArgumentString>
  </ArgumentChoice>

  <ArgumentChoice>
    <ArgumentInt>
      <Name>NCPUS</Name>
      <Description>Number of CPUS requested</Description>
      <DisplayName>No. of CPUS</DisplayName>
      <InputRequired>true</InputRequired>
      <LowerBound>1</LowerBound>
      <UpperBound>1024</UpperBound>
      <Value>1</Value>
    </ArgumentInt>
  </ArgumentChoice>

  <ArgumentChoice>
    <ArgumentInt>
      <Name>MEMORY</Name>
      <DisplayName>Memory (MB)</DisplayName>
      <Description>Amount of Memory (MB)</Description>
      <InputRequired>true</InputRequired>
      <LowerBound>0</LowerBound>
      <UpperBound>32768</UpperBound>
      <Value>120</Value>
    </ArgumentInt>
  </ArgumentChoice>

  <ArgumentChoice>
    <ArgumentString>
      <Name>QUEUE</Name>
      <Description>Queue to which job must be submitted</Description>
      <DisplayName>Queue</DisplayName>
      <InputRequired>false</InputRequired>
    </ArgumentString>
  </ArgumentChoice>

  <ArgumentChoice>
    <ArgumentFileName>
      <Name>PRIMARY_FILE</Name>
      <Description>Input file</Description>
      <DisplayName>Input File</DisplayName>
      <InputRequired>true</InputRequired>
	  <RefreshOnUpdate>true</RefreshOnUpdate>
    </ArgumentFileName>
  </ArgumentChoice>

  <ArgumentChoice>
    <ArgumentDirectoryName>
      <Name>SUBMISSION_DIRECTORY</Name>
      <Description>Result files will be placed here</Description>
      <DisplayName>Output directory</DisplayName>
      <InputRequired>true</InputRequired>
    </ArgumentDirectoryName>
  </ArgumentChoice>
  <TAGS>
    <TAG>Application Type:Batch</TAG>
  </TAGS>
  <RefreshScript>refresh.py</RefreshScript>
</TemplateApplicationInput>
