<?xml version="1.0" encoding="UTF-8"?>
<SiteConfiguration xmlns="http://schemas.altair.com/pbs/2007/01/site-config" xmlns:site-config="http://schemas.altair.com/pbs/2007/01/site-config" xmlns:xsi="http://www.w3.org/2001/XMLSchema-instance" xsi:schemaLocation="http://schemas.altair.com/pbs/2007/01/site-config ../schemas/site-config.xsd">
  <Applications>
    <Application id="ShellScript">
      <ApplicationVersions/>
    </Application>

<!-- ******************************************************************************************** -->    
	<Application id="RADIOSS-SMP">
      <ApplicationVersions>
	    <ApplicationVersion>
          <Option>2018</Option>
          <Executable>/opt/2019.1.0.11/altair/scripts/radioss</Executable>
        </ApplicationVersion>
        <ApplicationVersion>
          <Option>2019</Option>
          <Executable>/opt/2019.1.0.11/altair/scripts/radioss</Executable>
        </ApplicationVersion>
      </ApplicationVersions>
    </Application>
<!-- ******************************************************************************************** -->
    <Application id="Optistruct">
      <ApplicationVersions>
        <ApplicationVersion>
          <Option>2018</Option>
          <Executable>/opt/2019.1.0.11/altair/scripts/optistruct</Executable>
        </ApplicationVersion>
		<ApplicationVersion>
          <Option>2019</Option>
          <Executable>/opt/2019.1.0.11/altair/scripts/optistruct</Executable>
        </ApplicationVersion>
      </ApplicationVersions>
    </Application>
<!-- +++++++++++++++++++++++++++++++++++++++++++++++++++++++++++++++++++++++++++++++++++++++++++++ -->	



  </Applications>
  <JobProjects id="BILLING_ACCOUNT"/>
  <Policies/>
</SiteConfiguration>
