<?xml version="1.0" encoding="UTF-8"?>
<TemplateApplicationInput
  
  xmlns="http://schemas.altair.com/pbs/2007/02/app-def"
  xmlns:xi="http://www.w3.org/2001/XInclude"
  xmlns:xsi="http://www.w3.org/2001/XMLSchema-instance">
  
  <ApplicationId>ShellScript</ApplicationId>
  <ApplicationName>Shell Script</ApplicationName>
  <ApplicationExtension>.sh</ApplicationExtension>
  <ApplicationExtension>.py</ApplicationExtension>
  <ApplicationExtension>.csh</ApplicationExtension>
  
  <ArgumentChoice>
    <ArgumentString>
      <Name>JOB_NAME</Name>
      <Description>The name of the job.</Description>
      <DisplayName>Job Name</DisplayName>
      <InputRequired>false</InputRequired>
    </ArgumentString>
  </ArgumentChoice>

  <ArgumentChoice>
    <ArgumentInt>
      <Name>NCPUS</Name>
      <Description>The total number of processors.</Description>
      <DisplayName>Number of Processors</DisplayName>
      <InputRequired>true</InputRequired>
      <LowerBound>1</LowerBound>
      <Value>1</Value>
    </ArgumentInt>
  </ArgumentChoice>
  
  <ArgumentChoice>
    <ArgumentString>
      <Name>QUEUE</Name>
      <Description>Queue to which job must be submitted</Description>
      <DisplayName>Queue</DisplayName>
      <InputRequired>false</InputRequired>
    </ArgumentString>
  </ArgumentChoice>

  <ArgumentChoice>
    <ArgumentInt>
      <Name>CHUNKS</Name>
      <Description>The total number of job chunks.</Description>
      <DisplayName>Number of Chunks</DisplayName>
      <InputRequired>false</InputRequired>
      <LowerBound>1</LowerBound>
      <Value>1</Value>
    </ArgumentInt>
  </ArgumentChoice>

  <ArgumentChoice>
    <ArgumentStringEnumerated>
      <Name>CHUNK_PLACEMENT</Name>
      <Description>The placement of job chunks.</Description>
      <DisplayName>Placement of Chunks</DisplayName>
      <InputRequired>false</InputRequired>
      <Option>pack</Option>
      <Option>free</Option>
      <Option>scatter</Option>
      <Value>free</Value>
    </ArgumentStringEnumerated>
  </ArgumentChoice>

  <ArgumentChoice>
    <ArgumentInt>
      <Name>MEMORY</Name>
      <Description>The total physical memory requested.</Description>
      <DisplayName>Amount of Memory (MB)</DisplayName>
      <InputRequired>true</InputRequired>
      <LowerBound>10</LowerBound>
      <Value>10</Value>
    </ArgumentInt>
  </ArgumentChoice>

  <ArgumentChoice>
    <ArgumentStringEnumerated>
      <Name>MEMORY_PLACEMENT</Name>
      <Description>The physical memory requested per chunk.</Description>
      <DisplayName>Memory Per Chunk</DisplayName>
      <InputRequired>false</InputRequired>
      <Option>true</Option>
      <Option>false</Option>
      <Value>true</Value>
    </ArgumentStringEnumerated>
  </ArgumentChoice>

  <ArgumentChoice>
    <ArgumentFileName>
      <Name>PRIMARY_FILE</Name>
      <Description>The Job Script to run.</Description>
      <DisplayName>Job Script</DisplayName>
      <InputRequired>true</InputRequired>
    </ArgumentFileName>
  </ArgumentChoice>

  <ArgumentChoice>
    <ArgumentString>
      <Name>JOB_ARGS</Name>
      <Description>Pass specific arguments to the Job Script.</Description>
      <DisplayName>Job Script Arguments</DisplayName>
      <InputRequired>false</InputRequired>
    </ArgumentString>
  </ArgumentChoice>

  <ArgumentChoice>
    <ArgumentFileNameMulti>
      <Name>FILES</Name>
      <Description>Files to be included with the Job Script.</Description>
      <DisplayName>Job Files</DisplayName>
      <InputRequired>false</InputRequired>
    </ArgumentFileNameMulti>
  </ArgumentChoice>

  <ArgumentChoice>
    <ArgumentDirectoryName>
      <Name>SUBMISSION_DIRECTORY</Name>
      <Description>Result files will be placed here by PBS Desktop.</Description>
      <DisplayName>Output Directory</DisplayName>
      <InputRequired>false</InputRequired>
    </ArgumentDirectoryName>
  </ArgumentChoice>

</TemplateApplicationInput>
