<?xml version="1.0" encoding="UTF-8"?>

<TemplateApplicationConverter
  xmlns="http://schemas.altair.com/pbs/2007/02/app-conv"
  xmlns:app-def="http://schemas.altair.com/pbs/2007/02/app-def"
  xmlns:jsdl="http://schemas.ggf.org/jsdl/2005/11/jsdl"
  xmlns:jsdl-hpcp="http://schemas.ggf.org/jsdl/2006/07/jsdl-hpcp"
  xmlns:xsi="http://www.w3.org/2001/XMLSchema-instance"
  xsi:schemaLocation="http://schemas.altair.com/pbs/2007/02/app-conv ../../schemas/app-conv.xsd">

  <!--
    (c) Copyright 2010 Altair Engineering, Inc.  All rights reserved.
    This code is provided as is without any warranty, express or implied,
    or indemnification of any kind.
    All other terms and conditions are as specified in the Altair PBS EULA.  -->

  <ApplicationId>RADIOSS-SMP</ApplicationId>

  <ApplicationName>RADIOSS-SMP</ApplicationName>

  <HPCProfileApplication>
    <jsdl-hpcp:Executable>$PYTHONPATH</jsdl-hpcp:Executable>
    <jsdl-hpcp:Argument>runtime/start.py</jsdl-hpcp:Argument>
    <jsdl-hpcp:Environment name="RUNTYPE">$RUNTYPE</jsdl-hpcp:Environment>
    <jsdl-hpcp:Environment name="CORES">$CORES</jsdl-hpcp:Environment>
  </HPCProfileApplication>

  <jsdl:Resources>
    <Chunks>$CHUNKS</Chunks>
    <TotalCPUCount>
      <Exact>$CORES</Exact>
    </TotalCPUCount>
    <TotalPhysicalMemory>
      <Exact>$MEMORY</Exact>
    </TotalPhysicalMemory>
    <CustomResource>
      <Name>place</Name>
      <Value>pack</Value>
    </CustomResource>
    <Software>Radioss</Software>
  </jsdl:Resources>

  <jsdl:DataStaging>
    <jsdl:FileName>name($PRIMARY_FILE)</jsdl:FileName>
    <jsdl:CreationFlag>overwrite</jsdl:CreationFlag>
    <jsdl:Source>
      <jsdl:URI>$PRIMARY_FILE</jsdl:URI>
    </jsdl:Source>
  </jsdl:DataStaging>
  <jsdl:DataStaging>
    <jsdl:FileName>name($ENGINEFILES)</jsdl:FileName>
    <jsdl:CreationFlag>overwrite</jsdl:CreationFlag>
    <jsdl:Source>
      <jsdl:URI>$ENGINEFILES</jsdl:URI>
    </jsdl:Source>
  </jsdl:DataStaging>
  <jsdl:DataStaging>
    <jsdl:FileName>name($INCLUDEFILES)</jsdl:FileName>
    <jsdl:CreationFlag>overwrite</jsdl:CreationFlag>
    <jsdl:Source>
      <jsdl:URI>$INCLUDEFILES</jsdl:URI>
    </jsdl:Source>
  </jsdl:DataStaging>
  <jsdl:DataStaging>
    <jsdl:FileName>*</jsdl:FileName>
    <jsdl:CreationFlag>overwrite</jsdl:CreationFlag>
    <jsdl:Target>
      <jsdl:URI>$SUBMISSION_DIRECTORY</jsdl:URI>
    </jsdl:Target>
  </jsdl:DataStaging>

</TemplateApplicationConverter>
