<?xml version="1.0" encoding="UTF-8"?>

<TemplateApplicationInput
  xmlns="http://schemas.altair.com/pbs/2007/02/app-def"
  xmlns:xi="http://www.w3.org/2001/XInclude"
  xmlns:xsi="http://www.w3.org/2001/XMLSchema-instance"
  xmlns:schemaLocation="http://schemas.altair.com/pbs/2007/02/app-def ../../schemas/app-def.xsd">

  <!--
    (c) Copyright 2010 Altair Engineering, Inc.  All rights reserved.

    This code is provided as is without any warranty, express or implied,
    or indemnification of any kind.
    All other terms and conditions are as specified in the Altair PBS EULA.
  -->

  <ApplicationId>RADIOSS-SMP</ApplicationId>
  <ApplicationName>RADIOSS-SMP</ApplicationName>
  <ApplicationExtension>.rad</ApplicationExtension>
  <ApplicationIconSmall>productHyperWorks-16.png</ApplicationIconSmall>
  <ApplicationIconMedium>productHyperWorks-96.png</ApplicationIconMedium>
  <ArgumentChoice>
    <ArgumentStringEnumerated>
      <Name>VERSION</Name>
      <Description>Version of application to use</Description>
      <DisplayName>Version</DisplayName>
      <InputRequired>true</InputRequired>
      <xi:include href="site-config.xml" xpointer="xpath1(//Application[@id='RADIOSS-SMP']/ApplicationVersions//Option)"/>
    </ArgumentStringEnumerated>
  </ArgumentChoice>

  <ArgumentChoice>
    <ArgumentString>
      <Name>JOB_NAME</Name>
      <Description>Name of the job</Description>
      <DisplayName>Job Name</DisplayName>
      <InputRequired>false</InputRequired>
    </ArgumentString>
  </ArgumentChoice>

  <ArgumentChoice>
    <ArgumentInt>
      <Name>NCPUS</Name>
      <Description>Number of CPUS requested</Description>
      <DisplayName>No. of CPUS</DisplayName>
      <InputRequired>true</InputRequired>
      <LowerBound>1</LowerBound>
      <UpperBound>1024</UpperBound>
      <Value>1</Value>
    </ArgumentInt>
  </ArgumentChoice>

  <ArgumentChoice>
    <ArgumentInt>
      <Name>MEMORY</Name>
      <Description>Requested memory per core</Description>
      <DisplayName>Amount of Memory (MB)</DisplayName>
      <InputRequired>true</InputRequired>
      <LowerBound>64</LowerBound>
      <Value>32768</Value>
    </ArgumentInt>
  </ArgumentChoice>

  <ArgumentChoice>
    <ArgumentString>
      <Name>QUEUE</Name>
      <Description>Queue to which job must be submitted</Description>
      <DisplayName>Queue</DisplayName>
      <InputRequired>false</InputRequired>
    </ArgumentString>
  </ArgumentChoice>
  

<ArgumentChoice>
    <ArgumentStringEnumerated>
      <Name>RUNTYPE</Name>
      <Description>Radioss run type</Description>
      <DisplayName>Run type</DisplayName>
      <InputRequired>false</InputRequired>
      <Option default='true'>both</Option>
      <Option>starter</Option>
      <Option>engine</Option>
    </ArgumentStringEnumerated>
  </ArgumentChoice>

  <ArgumentChoice>
    <ArgumentFileName>
      <Name>PRIMARY_FILE</Name>
      <Description/>
      <DisplayName>Starter file</DisplayName>
      <InputRequired>true</InputRequired>
	  <RefreshOnUpdate>true</RefreshOnUpdate>
    </ArgumentFileName>
  </ArgumentChoice>

  <ArgumentChoice>
    <ArgumentFileNameMulti>
      <Name>ENGINEFILES</Name>
      <Description/>
      <DisplayName>Engine files</DisplayName>
      <InputRequired>false</InputRequired>
    </ArgumentFileNameMulti>
  </ArgumentChoice>

  <ArgumentChoice>
    <ArgumentFileNameMulti>
      <Name>INCLUDEFILES</Name>
      <Description/>
      <DisplayName>Include files</DisplayName>
      <InputRequired>false</InputRequired>
    </ArgumentFileNameMulti>
  </ArgumentChoice>

  <ArgumentChoice>
    <ArgumentDirectoryName>
      <Name>SUBMISSION_DIRECTORY</Name>
      <Description>Result files will be placed here</Description>
      <DisplayName>Output directory</DisplayName>
      <InputRequired>true</InputRequired>
    </ArgumentDirectoryName>
  </ArgumentChoice>
  <TAGS>
    <TAG>Application Type:Batch</TAG>
  </TAGS>
  <RefreshScript>refresh.py</RefreshScript>

</TemplateApplicationInput>
